category,distance
C1,84.0447067059033
C1,86.1885428303125
C1,88.9215826448166
C1,87.6405553841934
C1,85.6046664790749
C1,87.7358254107821
C1,85.3396684054732
C1,72.6531665129439
C1,87.4897965496147
C1,85.708606286561
C1,89.6963143230549
C1,82.0968224097212
C1,88.8554415805304
C1,85.6183019535693
C1,81.8600780688811
C1,80.2228506640788
C1,85.1938067647653
C1,79.1111566750213
C1,79.572907549745
C1,90.1674190237627
C1,78.0838937634901
C1,83.1738962010058
C1,81.3513568380992
C1,76.2314716322598
C1,74.0391692107958
C1,82.4178216379182
C1,79.463025892944
C1,83.8682452389534
C1,87.368166506687
C1,87.0123626702123
C1,80.4247353310273
C1,86.7928814779748
C1,70.860592149853
C1,89.017043589624
C2,81.960213891169
C2,88.3226305594344
C2,78.3927373029713
C2,89.4833896839687
C2,82.6357538875382
C2,87.7358254107821
C2,83.3617311956999
C2,89.7188213954954
C2,77.0268257361381
C2,85.8267409875046
C2,92.1878147137572
C2,87.0880108193474
C2,86.6165814789389
C2,80.3814254826805
C2,80.2433822085702
C2,78.9660171582258
C2,85.5363353444301
C2,82.429068021864
C2,82.5975093110055
C2,81.3513568380992
C2,78.553393831391
C2,84.6253780707534
C2,80.9312692192363
C2,79.3469343641193
C2,81.9064693658738
C2,81.0357288699338
C2,78.6417465596178
C2,82.7408263748894
C3,81.960213891169
C3,88.3226305594344
C3,88.9215826448166
C3,87.6405553841934
C3,87.4688689052997
C3,87.2218467910497
C3,86.4642629215025
C3,76.2430937386352
C3,83.7039885049865
C3,77.490972688716
C3,72.6531665129439
C3,87.4897965496147
C3,85.708606286561
C3,92.1007799463297
C3,82.7811943516806
C3,92.6208101917913
C3,85.1938067647653
C3,80.2433822085702
C3,78.9660171582258
C3,90.1674190237627
C3,78.0838937634901
C3,82.01651460416
C3,87.7488862168313
C3,81.6053108633314
C3,74.7817182819081
C3,81.4021721840243
C3,82.9752272303367
C3,74.0391692107958
C3,82.4178216379182
C3,79.463025892944
C3,84.5282602210114
C3,78.5617205274186
C3,86.8460468448151
C3,89.017043589624
C4,86.5062265999441
C4,86.1885428303125
C4,88.9215826448166
C4,88.755264576038
C4,76.2430937386352
C4,83.7039885049865
C4,77.490972688716
C4,72.6531665129439
C4,87.4897965496147
C4,74.6266601417458
C4,89.6963143230549
C4,81.8600780688811
C4,92.6208101917913
C4,81.4822363913566
C4,79.572907549745
C4,90.1674190237627
C4,85.3737434511355
C4,74.7817182819081
C4,81.4021721840243
C4,82.9752272303367
C4,74.0391692107958
C4,82.4178216379182
C4,73.6495829609819
C4,83.8682452389534
C4,86.7928814779748
C4,86.8460468448151
C5,81.960213891169
C5,88.3226305594344
C5,87.0009626277396
C5,85.8622848597476
C5,84.4050880316816
C5,82.9319711520318
C5,86.4964844759974
C5,84.1665713772365
C5,87.4897965496147
C5,85.708606286561
C5,75.3845029720046
C5,87.0880108193474
C5,85.4561436288283
C5,82.8349291482616
C5,82.7811943516806
C5,80.2228506640788
C5,80.2433822085702
C5,78.9660171582258
C5,84.7809140374134
C5,75.9792764104885
C5,79.4068296716237
C5,80.2554189580388
C5,73.9906863780358
C5,86.5366847979462
C5,82.4178216379182
C5,79.463025892944
C5,75.1676112182377
C5,81.0357288699338
C5,79.2402900119815
C5,83.8331806998496
C5,78.5617205274186
C5,70.860592149853
C6,86.5062265999441
C6,86.3636898034289
C6,82.7054525259156
C6,85.8622848597476
C6,84.2862061039485
C6,82.8954111335559
C6,77.490972688716
C6,72.6531665129439
C6,87.0880108193474
C6,85.4561436288283
C6,85.6183019535693
C6,85.4578379100988
C6,81.4822363913566
C6,83.3904531378654
C6,86.9008033870877
C6,75.9792764104885
C6,72.6404776780297
C6,79.3527571897117
C6,82.9752272303367
C6,74.0391692107958
C6,81.0357288699338
C6,79.2402900119815
C6,80.4247353310273
C6,81.7861474331464
C7,86.5062265999441
C7,88.3226305594344
C7,78.3927373029713
C7,79.2566572972919
C7,86.6462624156443
C7,76.6672294373689
C7,86.4964844759974
C7,84.1665713772365
C7,87.4897965496147
C7,85.708606286561
C7,80.3905234440522
C7,82.0968224097212
C7,88.8554415805304
C7,80.2925699299489
C7,81.0971108134568
C7,81.4822363913566
C7,78.9660171582258
C7,85.5363353444301
C7,82.9086684899011
C7,80.3055155287506
C7,82.1787487356303
C7,73.9906863780358
C7,86.5366847979462
C7,82.4178216379182
C7,79.463025892944
C7,83.1790906141032
C7,87.368166506687
C7,87.0123626702123
C7,80.9638661156317
C7,86.8302989824602
C8,86.5062265999441
C8,82.6357538875382
C8,87.2218467910497
C8,86.4964844759974
C8,72.6531665129439
C8,76.3587741222765
C8,79.4343659058238
C8,89.1777261938486
C8,82.6427450321427
C8,81.4822363913566
C8,82.5975093110055
C8,87.7488862168313
C8,73.9906863780358
C8,74.0391692107958
C8,77.9013048759148
C8,73.7737658700612
C8,85.2282739966048
C8,78.1403623060637
C9,84.0447067059033
C9,89.2797369573479
C9,88.9215826448166
C9,76.1239276444137
C9,84.4050880316816
C9,83.7039885049865
C9,77.490972688716
C9,92.1878147137572
C9,86.034937416968
C9,79.4343659058238
C9,89.1777261938486
C9,81.8600780688811
C9,80.2228506640788
C9,85.1938067647653
C9,79.1111566750213
C9,85.9382804660224
C9,90.1674190237627
C9,81.1424115959953
C9,79.4068296716237
C9,81.4021721840243
C9,82.9752272303367
C9,81.9064693658738
C9,80.9430032626555
C9,73.7737658700612
C9,85.2282739966048
C9,86.7928814779748
C9,70.860592149853
C9,89.017043589624
C10,81.960213891169
C10,88.3226305594344
C10,81.9033049539198
C10,76.1239276444137
C10,86.6462624156443
C10,77.0268257361381
C10,87.9984274966721
C10,80.3118924145064
C10,87.0880108193474
C10,80.8090822733417
C10,87.0513444535927
C10,80.2433822085702
C10,78.9660171582258
C10,81.9198592725913
C10,81.1424115959953
C10,80.3055155287506
C10,80.9312692192363
C10,79.9969821843465
C10,80.4426221543388
C10,81.0357288699338
C10,79.2433369054436
C10,76.7287189102143
C11,86.5062265999441
C11,86.3636898034289
C11,82.7054525259156
C11,87.2108599871166
C11,89.2797369573479
C11,88.9215826448166
C11,85.8622848597476
C11,84.2862061039485
C11,82.8954111335559
C11,85.3396684054732
C11,84.1665713772365
C11,76.3587741222765
C11,79.4343659058238
C11,92.1007799463297
C11,82.0968224097212
C11,88.8554415805304
C11,85.6183019535693
C11,82.6427450321427
C11,81.4822363913566
C11,83.3904531378654
C11,86.9008033870877
C11,79.1052820005471
C11,85.9382804660224
C11,90.1674190237627
C11,75.9792764104885
C11,72.6404776780297
C11,79.3527571897117
C11,76.2314716322598
C11,86.5366847979462
C11,77.9013048759148
C11,73.7737658700612
C11,84.5282602210114
C11,87.368166506687
C11,87.0123626702123
C11,80.4247353310273
C11,78.1403623060637
C12,86.5062265999441
C12,86.3636898034289
C12,81.0597366490984
C12,76.1239276444137
C12,84.4050880316816
C12,84.8728264649479
C12,85.8267409875046
C12,92.1878147137572
C12,87.0880108193474
C12,85.4561436288283
C12,89.1777261938486
C12,82.7811943516806
C12,82.4888240063771
C12,85.1938067647653
C12,81.4822363913566
C12,83.3904531378654
C12,88.1922186922569
C12,81.1424115959953
C12,79.4068296716237
C12,83.2275053605563
C12,79.3469343641193
C12,81.9064693658738
C12,81.0357288699338
C12,79.2402900119815
C12,85.2282739966048
C12,78.5617205274186
C12,80.2888854636661
C12,89.017043589624
C13,86.5062265999441
C13,86.3636898034289
C13,78.3927373029713
C13,79.2566572972919
C13,89.5911145905801
C13,81.9033049539198
C13,83.3617311956999
C13,84.2862061039485
C13,76.6672294373689
C13,74.6266601417458
C13,89.6963143230549
C13,82.0968224097212
C13,88.8554415805304
C13,85.6183019535693
C13,81.0971108134568
C13,81.4822363913566
C13,83.3904531378654
C13,85.5363353444301
C13,82.9086684899011
C13,85.8521284356038
C13,81.9198592725913
C13,78.553393831391
C13,72.6404776780297
C13,82.1787487356303
C13,73.6495829609819
C13,83.8682452389534
C13,87.368166506687
C13,87.0123626702123
C13,80.4247353310273
C13,86.8302989824602
C14,84.0447067059033
C14,89.2797369573479
C14,87.0009626277396
C14,84.731246715455
C14,76.2430937386352
C14,83.7039885049865
C14,77.490972688716
C14,72.6531665129439
C14,80.6703086532808
C14,82.1569004228286
C14,75.3845029720046
C14,82.0968224097212
C14,80.2228506640788
C14,80.2925699299489
C14,79.1111566750213
C14,85.9382804660224
C14,84.7809140374134
C14,76.7541477247513
C14,74.7817182819081
C14,81.4021721840243
C14,82.9752272303367
C14,74.0391692107958
C14,88.0847530629619
C14,82.001191132252
C14,75.1676112182377
C14,87.368166506687
C14,70.860592149853
C14,80.9638661156317
C15,86.5062265999441
C15,88.3226305594344
C15,78.3927373029713
C15,79.2566572972919
C15,89.5911145905801
C15,81.9033049539198
C15,88.755264576038
C15,86.6462624156443
C15,87.2218467910497
C15,84.731246715455
C15,89.7188213954954
C15,83.7039885049865
C15,87.9984274966721
C15,89.6963143230549
C15,83.0851356270607
C15,80.8090822733417
C15,87.0513444535927
C15,81.4822363913566
C15,78.9660171582258
C15,85.5363353444301
C15,82.9086684899011
C15,85.8521284356038
C15,81.9198592725913
C15,85.3737434511355
C15,80.3055155287506
C15,87.7488862168313
C15,76.7541477247513
C15,84.6253780707534
C15,81.4021721840243
C15,79.9969821843465
C15,83.8682452389534
C15,77.4527875463559
C15,79.2433369054436
C15,76.7287189102143
C16,81.960213891169
C16,88.3226305594344
C16,78.3927373029713
C16,89.4833896839687
C16,82.6357538875382
C16,87.0009626277396
C16,85.8622848597476
C16,87.9773473214402
C16,80.6703086532808
C16,82.1569004228286
C16,75.3845029720046
C16,83.0851356270607
C16,80.8090822733417
C16,85.6183019535693
C16,81.8600780688811
C16,80.2228506640788
C16,80.2433822085702
C16,78.9660171582258
C16,85.5363353444301
C16,82.429068021864
C16,82.5975093110055
C16,84.7809140374134
C16,75.9792764104885
C16,83.264599498586
C16,88.0847530629619
C16,82.001191132252
C16,75.1676112182377
C16,77.4527875463559
C16,79.2433369054436
C16,80.4247353310273
C16,86.7928814779748
C16,70.860592149853
C17,86.5062265999441
C17,86.3636898034289
C17,82.7054525259156
C17,87.2108599871166
C17,89.2797369573479
C17,88.9215826448166
C17,87.6405553841934
C17,85.6046664790749
C17,78.2996311617805
C17,84.731246715455
C17,76.2430937386352
C17,83.7039885049865
C17,87.9984274966721
C17,80.3118924145064
C17,81.8600780688811
C17,80.2228506640788
C17,81.4822363913566
C17,83.3904531378654
C17,86.9008033870877
C17,79.1052820005471
C17,85.9382804660224
C17,90.1674190237627
C17,78.0838937634901
C17,83.1738962010058
C17,86.1283647808404
C17,76.7541477247513
C17,74.7817182819081
C17,81.4021721840243
C17,79.9969821843465
C17,80.4426221543388
C17,86.7928814779748
C17,70.860592149853
C18,81.960213891169
C18,86.1885428303125
C18,87.0009626277396
C18,84.731246715455
C18,89.7188213954954
C18,77.0268257361381
C18,87.9984274966721
C18,80.3118924145064
C18,80.6703086532808
C18,82.1569004228286
C18,75.3845029720046
C18,82.0968224097212
C18,88.8554415805304
C18,85.6183019535693
C18,81.8600780688811
C18,80.2228506640788
C18,80.2433822085702
C18,79.572907549745
C18,84.7809140374134
C18,76.7541477247513
C18,84.6253780707534
C18,80.9312692192363
C18,79.9969821843465
C18,80.4426221543388
C18,88.0847530629619
C18,82.001191132252
C18,75.1676112182377
C18,87.368166506687
C18,87.0123626702123
C18,80.4247353310273
C18,86.7928814779748
C18,70.860592149853
C19,84.0447067059033
C19,89.5911145905801
C19,81.9033049539198
C19,88.755264576038
C19,86.6462624156443
C19,87.2218467910497
C19,84.731246715455
C19,89.7188213954954
C19,83.7039885049865
C19,77.490972688716
C19,80.3118924145064
C19,80.6703086532808
C19,74.6266601417458
C19,89.6963143230549
C19,83.0851356270607
C19,86.6165814789389
C19,80.3814254826805
C19,81.0971108134568
C19,79.1111566750213
C19,85.8521284356038
C19,81.9198592725913
C19,85.3737434511355
C19,80.3055155287506
C19,87.7488862168313
C19,76.7541477247513
C19,84.6253780707534
C19,81.4021721840243
C19,82.9752272303367
C19,80.4426221543388
C19,88.0847530629619
C19,73.6495829609819
C19,83.8682452389534
C19,77.4527875463559
C19,78.6417465596178
C19,82.7408263748894
C19,86.8302989824602
C20,81.960213891169
C20,89.5911145905801
C20,81.9033049539198
C20,88.755264576038
C20,84.4050880316816
C20,82.9319711520318
C20,86.4642629215025
C20,76.2430937386352
C20,83.7039885049865
C20,77.490972688716
C20,80.3118924145064
C20,86.034937416968
C20,85.4561436288283
C20,82.8349291482616
C20,82.7811943516806
C20,82.4888240063771
C20,80.2925699299489
C20,81.0971108134568
C20,80.2433822085702
C20,85.8521284356038
C20,81.9198592725913
C20,85.3737434511355
C20,79.4068296716237
C20,80.2554189580388
C20,81.6053108633314
C20,74.7817182819081
C20,81.4021721840243
C20,82.9752272303367
C20,80.4426221543388
C20,80.9430032626555
C20,79.2402900119815
C20,83.8331806998496
C20,78.5617205274186
C20,80.2888854636661
C20,80.9638661156317
C20,86.8302989824602
C21,84.0447067059033
C21,89.5911145905801
C21,81.9033049539198
C21,76.1239276444137
C21,89.7188213954954
C21,82.8954111335559
C21,85.3396684054732
C21,72.6531665129439
C21,87.4897965496147
C21,85.708606286561
C21,80.3905234440522
C21,86.034937416968
C21,85.4561436288283
C21,82.8349291482616
C21,82.7811943516806
C21,82.4888240063771
C21,79.1111566750213
C21,85.8521284356038
C21,81.9198592725913
C21,81.1424115959953
C21,84.6253780707534
C21,79.3527571897117
C21,76.2314716322598
C21,74.0391692107958
C21,82.4178216379182
C21,79.463025892944
C21,83.1790906141032
C21,80.9430032626555
C21,79.2402900119815
C21,83.8331806998496
C21,78.5617205274186
C21,80.2888854636661
C22,86.5062265999441
C22,86.3636898034289
C22,78.3927373029713
C22,89.4833896839687
C22,82.6357538875382
C22,87.0009626277396
C22,88.755264576038
C22,86.6462624156443
C22,82.9319711520318
C22,86.4642629215025
C22,87.9773473214402
C22,87.4897965496147
C22,85.708606286561
C22,80.3905234440522
C22,83.0851356270607
C22,80.8090822733417
C22,82.8349291482616
C22,82.6427450321427
C22,82.8233772299573
C22,81.4822363913566
C22,83.3904531378654
C22,85.5363353444301
C22,82.429068021864
C22,82.5975093110055
C22,84.7809140374134
C22,85.3737434511355
C22,80.3055155287506
C22,80.2554189580388
C22,81.6053108633314
C22,83.264599498586
C22,82.4178216379182
C22,79.463025892944
C22,83.1790906141032
C22,77.4527875463559
C22,79.2433369054436
C22,83.8331806998496
C22,78.1403623060637
C22,80.365832691227
C23,87.6405553841934
C23,85.6046664790749
C23,78.2996311617805
C23,83.3617311956999
C23,89.7188213954954
C23,82.8954111335559
C23,88.8554415805304
C23,80.3814254826805
C23,82.6427450321427
C23,82.8233772299573
C23,78.0838937634901
C23,83.1738962010058
C23,86.1283647808404
C23,78.553393831391
C23,84.6253780707534
C23,79.3527571897117
C23,87.0123626702123
C23,82.7408263748894
C23,78.1403623060637
C23,80.365832691227
C24,89.4833896839687
C24,82.6357538875382
C24,87.0009626277396
C24,85.8622848597476
C24,89.7188213954954
C24,82.8954111335559
C24,85.3396684054732
C24,84.1665713772365
C24,84.8728264649479
C24,85.8267409875046
C24,80.3905234440522
C24,83.0851356270607
C24,80.8090822733417
C24,82.8349291482616
C24,82.7811943516806
C24,82.4888240063771
C24,87.0513444535927
C24,82.6427450321427
C24,82.8233772299573
C24,82.429068021864
C24,82.5975093110055
C24,84.7809140374134
C24,75.9792764104885
C24,84.6253780707534
C24,79.3527571897117
C24,76.2314716322598
C24,86.5366847979462
C24,83.2275053605563
C24,79.3469343641193
C24,83.1790906141032
C24,77.4527875463559
C24,79.2433369054436
C24,83.8331806998496
C24,78.5617205274186
C24,80.2888854636661
C24,76.7287189102143
C24,78.1403623060637
C24,80.365832691227
C25,84.0447067059033
C25,86.1885428303125
C25,81.9033049539198
C25,76.1239276444137
C25,84.4050880316816
C25,82.9319711520318
C25,86.4964844759974
C25,87.9773473214402
C25,84.8728264649479
C25,74.6266601417458
C25,89.6963143230549
C25,83.0851356270607
C25,82.8233772299573
C25,79.1111566750213
C25,79.572907549745
C25,81.9198592725913
C25,81.1424115959953
C25,79.4068296716237
C25,80.2554189580388
C25,73.9906863780358
C25,83.264599498586
C25,83.2275053605563
C25,73.6495829609819
C25,83.8682452389534
C25,77.4527875463559
C25,80.365832691227
C26,81.960213891169
C26,88.3226305594344
C26,88.9215826448166
C26,88.755264576038
C26,84.4050880316816
C26,82.9319711520318
C26,77.490972688716
C26,80.3118924145064
C26,76.3587741222765
C26,85.4561436288283
C26,87.0513444535927
C26,82.6427450321427
C26,80.2433822085702
C26,78.9660171582258
C26,90.1674190237627
C26,85.3737434511355
C26,79.4068296716237
C26,80.2554189580388
C26,82.9752272303367
C26,80.4426221543388
C26,77.9013048759148
C26,79.2402900119815
C26,76.7287189102143
C26,78.1403623060637
C27,86.5062265999441
C27,86.3636898034289
C27,81.0597366490984
C27,88.755264576038
C27,86.6462624156443
C27,87.2218467910497
C27,86.4642629215025
C27,76.2430937386352
C27,83.7039885049865
C27,77.490972688716
C27,72.6531665129439
C27,87.4897965496147
C27,82.1569004228286
C27,75.3845029720046
C27,87.0880108193474
C27,85.4561436288283
C27,85.6183019535693
C27,81.4822363913566
C27,83.3904531378654
C27,88.1922186922569
C27,85.3737434511355
C27,80.3055155287506
C27,87.7488862168313
C27,81.6053108633314
C27,74.7817182819081
C27,81.4021721840243
C27,82.9752272303367
C27,74.0391692107958
C27,82.4178216379182
C27,82.001191132252
C27,75.1676112182377
C27,81.0357288699338
C27,79.2402900119815
C27,80.4247353310273
C28,86.5062265999441
C28,86.1885428303125
C28,81.0597366490984
C28,76.1239276444137
C28,86.6462624156443
C28,76.6672294373689
C28,86.4964844759974
C28,84.1665713772365
C28,84.8728264649479
C28,85.708606286561
C28,92.1007799463297
C28,82.0968224097212
C28,82.4888240063771
C28,87.0513444535927
C28,82.6427450321427
C28,81.4822363913566
C28,79.572907549745
C28,88.1922186922569
C28,81.1424115959953
C28,80.3055155287506
C28,82.1787487356303
C28,73.9906863780358
C28,86.5366847979462
C28,83.2275053605563
C28,79.463025892944
C28,84.5282602210114
C28,87.368166506687
C28,80.2888854636661
C28,76.7287189102143
C28,78.1403623060637
C29,84.0447067059033
C29,87.4688689052997
C29,82.8954111335559
C29,87.9984274966721
C29,80.3118924145064
C29,80.6703086532808
C29,82.1569004228286
C29,75.3845029720046
C29,82.0968224097212
C29,88.8554415805304
C29,87.0513444535927
C29,82.6427450321427
C29,82.8233772299573
C29,79.1111566750213
C29,82.01651460416
C29,79.3527571897117
C29,79.9969821843465
C29,80.4426221543388
C29,88.0847530629619
C29,82.001191132252
C29,75.1676112182377
C29,87.368166506687
C29,87.0123626702123
C29,76.7287189102143
C29,78.1403623060637
C29,80.365832691227
C30,86.5062265999441
C30,86.1885428303125
C30,87.0009626277396
C30,85.8622848597476
C30,89.7188213954954
C30,82.8954111335559
C30,74.6266601417458
C30,89.6963143230549
C30,82.7811943516806
C30,82.4888240063771
C30,85.1938067647653
C30,81.4822363913566
C30,79.572907549745
C30,84.7809140374134
C30,75.9792764104885
C30,84.6253780707534
C30,79.3527571897117
C30,73.6495829609819
C30,83.8682452389534
C30,78.5617205274186
C30,80.2888854636661
C30,89.017043589624
C31,81.960213891169
C31,86.1885428303125
C31,88.9215826448166
C31,88.755264576038
C31,86.6462624156443
C31,87.2218467910497
C31,86.4642629215025
C31,89.6963143230549
C31,85.4578379100988
C31,80.2433822085702
C31,79.572907549745
C31,90.1674190237627
C31,85.3737434511355
C31,80.3055155287506
C31,87.7488862168313
C31,81.6053108633314
C31,83.8682452389534
C31,81.7861474331464
C32,86.5062265999441
C32,88.3226305594344
C32,78.3927373029713
C32,79.2566572972919
C32,89.5911145905801
C32,81.9033049539198
C32,88.755264576038
C32,86.6462624156443
C32,87.2218467910497
C32,85.8267409875046
C32,80.3905234440522
C32,86.034937416968
C32,85.4561436288283
C32,85.6183019535693
C32,81.0971108134568
C32,81.4822363913566
C32,78.9660171582258
C32,85.5363353444301
C32,82.9086684899011
C32,85.8521284356038
C32,81.9198592725913
C32,85.3737434511355
C32,80.3055155287506
C32,87.7488862168313
C32,79.3469343641193
C32,83.1790906141032
C32,80.9430032626555
C32,79.2402900119815
C32,80.4247353310273
C32,86.8302989824602
C33,81.960213891169
C33,88.3226305594344
C33,81.0597366490984
C33,89.4833896839687
C33,87.4688689052997
C33,87.7358254107821
C33,83.3617311956999
C33,87.9773473214402
C33,77.0268257361381
C33,87.9984274966721
C33,80.3118924145064
C33,80.6703086532808
C33,88.8554415805304
C33,80.3814254826805
C33,82.6427450321427
C33,80.2433822085702
C33,78.9660171582258
C33,88.1922186922569
C33,82.429068021864
C33,82.01651460416
C33,81.3513568380992
C33,78.553393831391
C33,83.264599498586
C33,80.9312692192363
C33,79.9969821843465
C33,80.4426221543388
C33,88.0847530629619
C33,87.0123626702123
C33,82.7408263748894
C33,78.1403623060637
C34,86.5062265999441
C34,86.3636898034289
C34,81.9033049539198
C34,85.8622848597476
C34,84.2862061039485
C34,76.6672294373689
C34,77.490972688716
C34,72.6531665129439
C34,86.034937416968
C34,80.8090822733417
C34,85.6183019535693
C34,82.6427450321427
C34,81.4822363913566
C34,83.3904531378654
C34,81.9198592725913
C34,75.9792764104885
C34,72.6404776780297
C34,82.1787487356303
C34,82.9752272303367
C34,74.0391692107958
C34,80.9430032626555
C34,79.2433369054436
C34,80.4247353310273
C34,78.1403623060637
C35,86.5062265999441
C35,86.3636898034289
C35,82.7054525259156
C35,79.2566572972919
C35,86.6462624156443
C35,87.2218467910497
C35,84.731246715455
C35,89.7188213954954
C35,83.7039885049865
C35,77.490972688716
C35,80.3905234440522
C35,87.0880108193474
C35,85.4561436288283
C35,82.8349291482616
C35,82.7811943516806
C35,81.4822363913566
C35,83.3904531378654
C35,86.9008033870877
C35,82.9086684899011
C35,80.3055155287506
C35,87.7488862168313
C35,76.7541477247513
C35,84.6253780707534
C35,81.4021721840243
C35,82.9752272303367
C35,83.1790906141032
C35,81.0357288699338
C35,79.2402900119815
C35,83.8331806998496
C35,78.5617205274186
C36,81.960213891169
C36,88.3226305594344
C36,88.9215826448166
C36,76.1239276444137
C36,87.4688689052997
C36,87.7358254107821
C36,83.3617311956999
C36,89.7188213954954
C36,82.8954111335559
C36,85.3396684054732
C36,72.6531665129439
C36,87.4897965496147
C36,85.708606286561
C36,75.3845029720046
C36,82.0968224097212
C36,82.4888240063771
C36,87.0513444535927
C36,81.0971108134568
C36,80.2433822085702
C36,78.9660171582258
C36,90.1674190237627
C36,81.1424115959953
C36,82.01651460416
C36,81.3513568380992
C36,78.553393831391
C36,84.6253780707534
C36,79.3527571897117
C36,76.2314716322598
C36,74.0391692107958
C36,82.4178216379182
C36,79.463025892944
C36,75.1676112182377
C36,87.368166506687
C36,80.2888854636661
C36,76.7287189102143
C36,86.8302989824602
C37,81.960213891169
C37,88.3226305594344
C37,78.3927373029713
C37,79.2566572972919
C37,89.5911145905801
C37,87.0009626277396
C37,88.755264576038
C37,89.7188213954954
C37,82.8954111335559
C37,77.490972688716
C37,72.6531665129439
C37,80.6703086532808
C37,79.4343659058238
C37,92.1007799463297
C37,82.0968224097212
C37,82.4888240063771
C37,80.2925699299489
C37,81.0971108134568
C37,80.2433822085702
C37,78.9660171582258
C37,85.5363353444301
C37,82.9086684899011
C37,85.8521284356038
C37,84.7809140374134
C37,85.3737434511355
C37,84.6253780707534
C37,79.3527571897117
C37,82.9752272303367
C37,74.0391692107958
C37,88.0847530629619
C37,73.7737658700612
C37,84.5282602210114
C37,87.368166506687
C37,80.2888854636661
C37,80.9638661156317
C37,86.8302989824602
C38,81.960213891169
C38,88.3226305594344
C38,88.9215826448166
C38,87.6405553841934
C38,87.4688689052997
C38,82.9319711520318
C38,86.4642629215025
C38,84.1665713772365
C38,84.8728264649479
C38,85.8267409875046
C38,92.1878147137572
C38,76.3587741222765
C38,88.8554415805304
C38,85.6183019535693
C38,85.4578379100988
C38,92.6208101917913
C38,85.1938067647653
C38,80.2433822085702
C38,78.9660171582258
C38,90.1674190237627
C38,78.0838937634901
C38,82.01651460416
C38,80.2554189580388
C38,81.6053108633314
C38,86.5366847979462
C38,83.2275053605563
C38,79.3469343641193
C38,81.9064693658738
C38,77.9013048759148
C38,87.0123626702123
C38,80.4247353310273
C38,81.7861474331464
C38,86.8460468448151
C38,89.017043589624
C39,81.960213891169
C39,88.3226305594344
C39,81.0597366490984
C39,89.4833896839687
C39,82.6357538875382
C39,87.0009626277396
C39,85.8622848597476
C39,89.7188213954954
C39,83.7039885049865
C39,77.490972688716
C39,80.3118924145064
C39,76.3587741222765
C39,79.4343659058238
C39,92.1007799463297
C39,88.3058040691531
C39,82.4888240063771
C39,85.1938067647653
C39,80.2433822085702
C39,78.9660171582258
C39,88.1922186922569
C39,82.429068021864
C39,82.5975093110055
C39,84.7809140374134
C39,75.9792764104885
C39,84.6253780707534
C39,81.4021721840243
C39,82.9752272303367
C39,80.4426221543388
C39,77.9013048759148
C39,73.7737658700612
C39,84.5282602210114
C39,81.4798441474499
C39,80.2888854636661
C39,89.017043589624
C40,86.5062265999441
C40,82.6357538875382
C40,82.8954111335559
C40,85.3396684054732
C40,84.1665713772365
C40,76.3587741222765
C40,74.6266601417458
C40,89.6963143230549
C40,81.0971108134568
C40,81.4822363913566
C40,82.5975093110055
C40,79.3527571897117
C40,76.2314716322598
C40,86.5366847979462
C40,77.9013048759148
C40,73.6495829609819
C40,83.8682452389534
C40,86.8302989824602
C41,81.960213891169
C41,82.6357538875382
C41,78.2996311617805
C41,85.8622848597476
C41,76.2430937386352
C41,77.0268257361381
C41,85.8267409875046
C41,75.3845029720046
C41,87.0880108193474
C41,80.2228506640788
C41,80.2925699299489
C41,80.2433822085702
C41,82.5975093110055
C41,86.1283647808404
C41,75.9792764104885
C41,74.7817182819081
C41,80.9312692192363
C41,79.3469343641193
C41,75.1676112182377
C41,81.0357288699338
C41,70.860592149853
C41,80.9638661156317
C42,86.5062265999441
C42,86.3636898034289
C42,82.7054525259156
C42,87.2108599871166
C42,82.6357538875382
C42,87.7358254107821
C42,84.731246715455
C42,89.7188213954954
C42,80.6703086532808
C42,85.4561436288283
C42,87.0513444535927
C42,82.6427450321427
C42,81.4822363913566
C42,83.3904531378654
C42,86.9008033870877
C42,79.1052820005471
C42,82.5975093110055
C42,81.3513568380992
C42,76.7541477247513
C42,84.6253780707534
C42,88.0847530629619
C42,79.2402900119815
C42,76.7287189102143
C42,78.1403623060637
C43,86.5062265999441
C43,86.3636898034289
C43,78.3927373029713
C43,79.2566572972919
C43,89.5911145905801
C43,87.0009626277396
C43,88.755264576038
C43,89.7188213954954
C43,84.8728264649479
C43,74.6266601417458
C43,89.6963143230549
C43,82.0968224097212
C43,86.6165814789389
C43,80.2925699299489
C43,81.0971108134568
C43,81.4822363913566
C43,83.3904531378654
C43,85.5363353444301
C43,82.9086684899011
C43,85.8521284356038
C43,84.7809140374134
C43,85.3737434511355
C43,84.6253780707534
C43,83.2275053605563
C43,73.6495829609819
C43,83.8682452389534
C43,87.368166506687
C43,78.6417465596178
C43,80.9638661156317
C43,86.8302989824602
C44,84.0447067059033
C44,89.2797369573479
C44,88.9215826448166
C44,87.6405553841934
C44,87.4688689052997
C44,87.2218467910497
C44,84.731246715455
C44,89.7188213954954
C44,82.8954111335559
C44,77.490972688716
C44,72.6531665129439
C44,87.4897965496147
C44,85.708606286561
C44,82.8349291482616
C44,85.4578379100988
C44,79.1111566750213
C44,85.9382804660224
C44,90.1674190237627
C44,78.0838937634901
C44,82.01651460416
C44,87.7488862168313
C44,76.7541477247513
C44,84.6253780707534
C44,79.3527571897117
C44,82.9752272303367
C44,74.0391692107958
C44,82.4178216379182
C44,79.463025892944
C44,83.8331806998496
C44,81.7861474331464
C45,81.960213891169
C45,86.1885428303125
C45,88.9215826448166
C45,87.6405553841934
C45,87.4688689052997
C45,87.7358254107821
C45,83.3617311956999
C45,84.2862061039485
C45,82.8954111335559
C45,77.490972688716
C45,80.3118924145064
C45,76.3587741222765
C45,74.6266601417458
C45,89.6963143230549
C45,83.0851356270607
C45,80.8090822733417
C45,85.6183019535693
C45,81.8600780688811
C45,92.6208101917913
C45,85.1938067647653
C45,80.2433822085702
C45,79.572907549745
C45,90.1674190237627
C45,78.0838937634901
C45,82.01651460416
C45,81.3513568380992
C45,78.553393831391
C45,72.6404776780297
C45,79.3527571897117
C45,82.9752272303367
C45,80.4426221543388
C45,77.9013048759148
C45,73.6495829609819
C45,83.8682452389534
C45,77.4527875463559
C45,79.2433369054436
C45,80.4247353310273
C45,86.7928814779748
C45,86.8460468448151
C45,89.017043589624
C46,81.960213891169
C46,89.2797369573479
C46,78.2996311617805
C46,83.3617311956999
C46,84.2862061039485
C46,76.6672294373689
C46,85.3396684054732
C46,84.1665713772365
C46,87.4897965496147
C46,82.1569004228286
C46,75.3845029720046
C46,87.0880108193474
C46,85.4561436288283
C46,80.3814254826805
C46,82.6427450321427
C46,82.8233772299573
C46,80.2433822085702
C46,85.9382804660224
C46,86.1283647808404
C46,78.553393831391
C46,72.6404776780297
C46,82.1787487356303
C46,76.2314716322598
C46,86.5366847979462
C46,82.4178216379182
C46,82.001191132252
C46,75.1676112182377
C46,81.0357288699338
C46,79.2402900119815
C46,82.7408263748894
C46,78.1403623060637
C46,80.365832691227
C47,81.960213891169
C47,89.2797369573479
C47,87.7358254107821
C47,83.3617311956999
C47,84.2862061039485
C47,77.0268257361381
C47,87.9984274966721
C47,92.1878147137572
C47,76.3587741222765
C47,74.6266601417458
C47,89.6963143230549
C47,81.8600780688811
C47,80.2433822085702
C47,85.9382804660224
C47,81.3513568380992
C47,78.553393831391
C47,72.6404776780297
C47,80.9312692192363
C47,79.9969821843465
C47,81.9064693658738
C47,77.9013048759148
C47,73.6495829609819
C47,83.8682452389534
C47,86.7928814779748
C48,86.5062265999441
C48,88.3226305594344
C48,81.0597366490984
C48,89.4833896839687
C48,82.6357538875382
C48,87.0009626277396
C48,88.755264576038
C48,86.6462624156443
C48,87.2218467910497
C48,84.731246715455
C48,80.3118924145064
C48,80.6703086532808
C48,82.1569004228286
C48,75.3845029720046
C48,87.0880108193474
C48,85.4561436288283
C48,89.1777261938486
C48,88.3058040691531
C48,80.2228506640788
C48,85.1938067647653
C48,81.4822363913566
C48,78.9660171582258
C48,88.1922186922569
C48,82.429068021864
C48,82.5975093110055
C48,84.7809140374134
C48,85.3737434511355
C48,80.3055155287506
C48,87.7488862168313
C48,76.7541477247513
C48,80.4426221543388
C48,88.0847530629619
C48,82.001191132252
C48,75.1676112182377
C48,81.0357288699338
C48,79.2402900119815
C48,85.2282739966048
C48,81.4798441474499
C48,70.860592149853
C48,89.017043589624
C49,81.960213891169
C49,88.3226305594344
C49,78.3927373029713
C49,79.2566572972919
C49,89.5911145905801
C49,78.2996311617805
C49,84.731246715455
C49,72.6531665129439
C49,80.6703086532808
C49,82.1569004228286
C49,89.1777261938486
C49,81.8600780688811
C49,80.2433822085702
C49,78.9660171582258
C49,85.5363353444301
C49,82.9086684899011
C49,85.8521284356038
C49,86.1283647808404
C49,76.7541477247513
C49,74.0391692107958
C49,88.0847530629619
C49,82.001191132252
C49,85.2282739966048
C49,86.7928814779748
C50,81.960213891169
C50,88.3226305594344
C50,81.0597366490984
C50,87.6405553841934
C50,85.6046664790749
C50,82.9319711520318
C50,87.9984274966721
C50,80.3905234440522
C50,83.0851356270607
C50,88.8554415805304
C50,80.3814254826805
C50,85.4578379100988
C50,80.2433822085702
C50,78.9660171582258
C50,88.1922186922569
C50,78.0838937634901
C50,83.1738962010058
C50,80.2554189580388
C50,79.9969821843465
C50,83.1790906141032
C50,77.4527875463559
C50,87.0123626702123
C50,82.7408263748894
C50,81.7861474331464
C51,86.5062265999441
C51,89.2797369573479
C51,88.9215826448166
C51,76.1239276444137
C51,84.4050880316816
C51,76.6672294373689
C51,86.4964844759974
C51,87.9773473214402
C51,87.4897965496147
C51,85.708606286561
C51,89.6963143230549
C51,88.3058040691531
C51,86.6165814789389
C51,87.0513444535927
C51,81.0971108134568
C51,81.4822363913566
C51,85.9382804660224
C51,90.1674190237627
C51,81.1424115959953
C51,79.4068296716237
C51,82.1787487356303
C51,73.9906863780358
C51,83.264599498586
C51,82.4178216379182
C51,79.463025892944
C51,83.8682452389534
C51,81.4798441474499
C51,78.6417465596178
C51,76.7287189102143
C51,86.8302989824602
C52,81.960213891169
C52,88.3226305594344
C52,87.0009626277396
C52,88.755264576038
C52,86.6462624156443
C52,87.2218467910497
C52,84.731246715455
C52,76.2430937386352
C52,83.7039885049865
C52,87.9984274966721
C52,92.1878147137572
C52,76.3587741222765
C52,80.8090822733417
C52,82.8349291482616
C52,85.4578379100988
C52,92.6208101917913
C52,80.2433822085702
C52,78.9660171582258
C52,84.7809140374134
C52,85.3737434511355
C52,80.3055155287506
C52,87.7488862168313
C52,76.7541477247513
C52,74.7817182819081
C52,81.4021721840243
C52,79.9969821843465
C52,81.9064693658738
C52,77.9013048759148
C52,79.2433369054436
C52,83.8331806998496
C52,81.7861474331464
C52,86.8460468448151
C53,84.0447067059033
C53,86.1885428303125
C53,81.0597366490984
C53,89.4833896839687
C53,87.4688689052997
C53,87.2218467910497
C53,85.3396684054732
C53,84.1665713772365
C53,80.6703086532808
C53,82.1569004228286
C53,75.3845029720046
C53,88.3058040691531
C53,86.6165814789389
C53,87.0513444535927
C53,82.6427450321427
C53,82.8233772299573
C53,79.1111566750213
C53,79.572907549745
C53,88.1922186922569
C53,82.429068021864
C53,82.01651460416
C53,87.7488862168313
C53,76.2314716322598
C53,86.5366847979462
C53,88.0847530629619
C53,82.001191132252
C53,75.1676112182377
C53,81.4798441474499
C53,78.6417465596178
C53,76.7287189102143
C53,78.1403623060637
C53,80.365832691227
C54,81.960213891169
C54,89.2797369573479
C54,88.9215826448166
C54,85.8622848597476
C54,89.7188213954954
C54,77.0268257361381
C54,87.9984274966721
C54,80.3118924145064
C54,80.6703086532808
C54,82.1569004228286
C54,75.3845029720046
C54,82.0968224097212
C54,88.8554415805304
C54,85.6183019535693
C54,85.4578379100988
C54,80.2433822085702
C54,85.9382804660224
C54,90.1674190237627
C54,75.9792764104885
C54,84.6253780707534
C54,80.9312692192363
C54,79.9969821843465
C54,80.4426221543388
C54,88.0847530629619
C54,82.001191132252
C54,75.1676112182377
C54,87.368166506687
C54,87.0123626702123
C54,80.4247353310273
C54,81.7861474331464
C55,79.2566572972919
C55,89.5911145905801
C55,81.9033049539198
C55,85.8622848597476
C55,84.4050880316816
C55,82.9319711520318
C55,86.4964844759974
C55,87.9773473214402
C55,84.8728264649479
C55,74.6266601417458
C55,92.1007799463297
C55,85.4578379100988
C55,82.8233772299573
C55,82.9086684899011
C55,85.8521284356038
C55,81.9198592725913
C55,75.9792764104885
C55,79.4068296716237
C55,80.2554189580388
C55,73.9906863780358
C55,83.264599498586
C55,83.2275053605563
C55,73.6495829609819
C55,84.5282602210114
C55,81.7861474331464
C55,80.365832691227
C56,86.5062265999441
C56,86.1885428303125
C56,81.9033049539198
C56,76.1239276444137
C56,86.6462624156443
C56,82.9319711520318
C56,77.490972688716
C56,72.6531665129439
C56,80.6703086532808
C56,82.1569004228286
C56,75.3845029720046
C56,88.3058040691531
C56,86.6165814789389
C56,80.3814254826805
C56,81.4822363913566
C56,79.572907549745
C56,81.9198592725913
C56,81.1424115959953
C56,80.3055155287506
C56,80.2554189580388
C56,82.9752272303367
C56,74.0391692107958
C56,88.0847530629619
C56,82.001191132252
C56,75.1676112182377
C56,81.4798441474499
C56,78.6417465596178
C56,82.7408263748894
C57,86.5062265999441
C57,89.2797369573479
C57,88.9215826448166
C57,87.6405553841934
C57,85.6046664790749
C57,87.2218467910497
C57,77.490972688716
C57,80.3118924145064
C57,80.6703086532808
C57,74.6266601417458
C57,89.6963143230549
C57,82.0968224097212
C57,86.6165814789389
C57,80.3814254826805
C57,81.0971108134568
C57,81.4822363913566
C57,85.9382804660224
C57,90.1674190237627
C57,78.0838937634901
C57,83.1738962010058
C57,87.7488862168313
C57,82.9752272303367
C57,80.4426221543388
C57,88.0847530629619
C57,73.6495829609819
C57,83.8682452389534
C57,87.368166506687
C57,78.6417465596178
C57,82.7408263748894
C57,86.8302989824602
C58,79.2566572972919
C58,89.5911145905801
C58,81.9033049539198
C58,83.3617311956999
C58,84.2862061039485
C58,84.8728264649479
C58,82.1569004228286
C58,92.1007799463297
C58,88.3058040691531
C58,86.6165814789389
C58,87.0513444535927
C58,82.6427450321427
C58,82.9086684899011
C58,85.8521284356038
C58,81.9198592725913
C58,78.553393831391
C58,72.6404776780297
C58,83.2275053605563
C58,82.001191132252
C58,84.5282602210114
C58,81.4798441474499
C58,78.6417465596178
C58,76.7287189102143
C58,78.1403623060637
C59,86.5062265999441
C59,88.3226305594344
C59,88.9215826448166
C59,76.1239276444137
C59,84.4050880316816
C59,77.0268257361381
C59,85.708606286561
C59,75.3845029720046
C59,87.0880108193474
C59,86.6165814789389
C59,80.3814254826805
C59,82.6427450321427
C59,82.8233772299573
C59,81.4822363913566
C59,78.9660171582258
C59,90.1674190237627
C59,81.1424115959953
C59,79.4068296716237
C59,80.9312692192363
C59,79.463025892944
C59,75.1676112182377
C59,81.0357288699338
C59,78.6417465596178
C59,82.7408263748894
C59,78.1403623060637
C59,80.365832691227
C60,87.2108599871166
C60,89.2797369573479
C60,88.9215826448166
C60,87.6405553841934
C60,84.4050880316816
C60,77.0268257361381
C60,87.9984274966721
C60,80.3118924145064
C60,80.6703086532808
C60,82.1569004228286
C60,75.3845029720046
C60,82.0968224097212
C60,88.8554415805304
C60,85.6183019535693
C60,82.6427450321427
C60,79.1052820005471
C60,85.9382804660224
C60,90.1674190237627
C60,78.0838937634901
C60,79.4068296716237
C60,80.9312692192363
C60,79.9969821843465
C60,80.4426221543388
C60,88.0847530629619
C60,82.001191132252
C60,75.1676112182377
C60,87.368166506687
C60,87.0123626702123
C60,80.4247353310273
C60,78.1403623060637
C61,84.0447067059033
C61,86.1885428303125
C61,81.0597366490984
C61,76.1239276444137
C61,84.4050880316816
C61,82.9319711520318
C61,86.4964844759974
C61,87.9773473214402
C61,80.6703086532808
C61,79.4343659058238
C61,92.1007799463297
C61,82.7811943516806
C61,82.8233772299573
C61,79.1111566750213
C61,79.572907549745
C61,88.1922186922569
C61,81.1424115959953
C61,79.4068296716237
C61,80.2554189580388
C61,73.9906863780358
C61,83.264599498586
C61,88.0847530629619
C61,73.7737658700612
C61,84.5282602210114
C61,78.5617205274186
C61,80.365832691227
C62,86.5062265999441
C62,86.3636898034289
C62,82.7054525259156
C62,89.4833896839687
C62,84.2862061039485
C62,76.6672294373689
C62,86.4964844759974
C62,87.9773473214402
C62,77.0268257361381
C62,85.708606286561
C62,92.1007799463297
C62,82.0968224097212
C62,88.8554415805304
C62,80.3814254826805
C62,82.6427450321427
C62,81.4822363913566
C62,83.3904531378654
C62,86.9008033870877
C62,82.429068021864
C62,72.6404776780297
C62,82.1787487356303
C62,73.9906863780358
C62,83.264599498586
C62,80.9312692192363
C62,79.463025892944
C62,84.5282602210114
C62,87.368166506687
C62,87.0123626702123
C62,82.7408263748894
C62,78.1403623060637
C63,86.5062265999441
C63,86.3636898034289
C63,82.7054525259156
C63,79.2566572972919
C63,89.5911145905801
C63,81.9033049539198
C63,76.1239276444137
C63,89.7188213954954
C63,84.8728264649479
C63,85.8267409875046
C63,92.1007799463297
C63,88.3058040691531
C63,80.2228506640788
C63,81.4822363913566
C63,83.3904531378654
C63,86.9008033870877
C63,82.9086684899011
C63,85.8521284356038
C63,81.9198592725913
C63,81.1424115959953
C63,84.6253780707534
C63,83.2275053605563
C63,79.3469343641193
C63,84.5282602210114
C63,81.4798441474499
C63,70.860592149853
C64,81.960213891169
C64,85.6046664790749
C64,78.2996311617805
C64,85.8622848597476
C64,84.2862061039485
C64,77.0268257361381
C64,85.8267409875046
C64,75.3845029720046
C64,83.0851356270607
C64,80.8090822733417
C64,82.8349291482616
C64,82.7811943516806
C64,80.2433822085702
C64,83.1738962010058
C64,86.1283647808404
C64,75.9792764104885
C64,72.6404776780297
C64,80.9312692192363
C64,79.3469343641193
C64,75.1676112182377
C64,77.4527875463559
C64,79.2433369054436
C64,83.8331806998496
C64,78.5617205274186
C65,84.0447067059033
C65,86.1885428303125
C65,88.9215826448166
C65,76.1239276444137
C65,86.6462624156443
C65,87.2218467910497
C65,85.3396684054732
C65,80.3118924145064
C65,76.3587741222765
C65,85.4561436288283
C65,89.1777261938486
C65,82.7811943516806
C65,80.2228506640788
C65,80.2925699299489
C65,81.0971108134568
C65,79.1111566750213
C65,79.572907549745
C65,90.1674190237627
C65,81.1424115959953
C65,80.3055155287506
C65,87.7488862168313
C65,76.2314716322598
C65,80.4426221543388
C65,77.9013048759148
C65,79.2402900119815
C65,85.2282739966048
C65,78.5617205274186
C65,70.860592149853
C65,80.9638661156317
C65,86.8302989824602
C66,86.5062265999441
C66,86.3636898034289
C66,81.0597366490984
C66,89.4833896839687
C66,85.6046664790749
C66,87.7358254107821
C66,83.3617311956999
C66,84.2862061039485
C66,82.8954111335559
C66,85.8267409875046
C66,92.1878147137572
C66,86.034937416968
C66,79.4343659058238
C66,92.1007799463297
C66,82.0968224097212
C66,86.6165814789389
C66,80.3814254826805
C66,81.4822363913566
C66,83.3904531378654
C66,88.1922186922569
C66,82.429068021864
C66,83.1738962010058
C66,81.3513568380992
C66,78.553393831391
C66,72.6404776780297
C66,79.3527571897117
C66,79.3469343641193
C66,81.9064693658738
C66,80.9430032626555
C66,73.7737658700612
C66,84.5282602210114
C66,87.368166506687
C66,78.6417465596178
C66,82.7408263748894
C67,84.0447067059033
C67,86.1885428303125
C67,81.0597366490984
C67,89.4833896839687
C67,85.6046664790749
C67,87.2218467910497
C67,86.4964844759974
C67,87.9773473214402
C67,77.0268257361381
C67,87.9984274966721
C67,80.3905234440522
C67,87.0880108193474
C67,85.4561436288283
C67,85.6183019535693
C67,81.8600780688811
C67,80.2228506640788
C67,85.1938067647653
C67,79.1111566750213
C67,79.572907549745
C67,88.1922186922569
C67,82.429068021864
C67,83.1738962010058
C67,87.7488862168313
C67,73.9906863780358
C67,83.264599498586
C67,80.9312692192363
C67,79.9969821843465
C67,83.1790906141032
C67,81.0357288699338
C67,79.2402900119815
C67,80.4247353310273
C67,86.7928814779748
C67,70.860592149853
C67,89.017043589624
C68,89.4833896839687
C68,85.6046664790749
C68,78.2996311617805
C68,86.4964844759974
C68,87.9773473214402
C68,77.0268257361381
C68,85.8267409875046
C68,80.3905234440522
C68,86.034937416968
C68,79.4343659058238
C68,89.1777261938486
C68,88.3058040691531
C68,86.6165814789389
C68,80.3814254826805
C68,82.6427450321427
C68,82.429068021864
C68,83.1738962010058
C68,86.1283647808404
C68,73.9906863780358
C68,83.264599498586
C68,80.9312692192363
C68,79.3469343641193
C68,83.1790906141032
C68,80.9430032626555
C68,73.7737658700612
C68,85.2282739966048
C68,81.4798441474499
C68,78.6417465596178
C68,82.7408263748894
C68,78.1403623060637
C69,81.960213891169
C69,86.1885428303125
C69,81.0597366490984
C69,89.4833896839687
C69,82.6357538875382
C69,87.0009626277396
C69,88.755264576038
C69,84.2862061039485
C69,83.7039885049865
C69,77.490972688716
C69,92.1878147137572
C69,76.3587741222765
C69,85.4561436288283
C69,89.1777261938486
C69,81.8600780688811
C69,80.2228506640788
C69,85.1938067647653
C69,80.2433822085702
C69,79.572907549745
C69,88.1922186922569
C69,82.429068021864
C69,82.5975093110055
C69,84.7809140374134
C69,85.3737434511355
C69,72.6404776780297
C69,81.4021721840243
C69,82.9752272303367
C69,81.9064693658738
C69,77.9013048759148
C69,79.2402900119815
C69,85.2282739966048
C69,86.7928814779748
C69,70.860592149853
C69,89.017043589624
C70,87.6405553841934
C70,85.6046664790749
C70,78.2996311617805
C70,84.731246715455
C70,89.7188213954954
C70,80.6703086532808
C70,82.1569004228286
C70,89.1777261938486
C70,81.8600780688811
C70,82.8233772299573
C70,78.0838937634901
C70,83.1738962010058
C70,86.1283647808404
C70,76.7541477247513
C70,84.6253780707534
C70,88.0847530629619
C70,82.001191132252
C70,85.2282739966048
C70,86.7928814779748
C70,80.365832691227
C71,86.5062265999441
C71,86.3636898034289
C71,88.9215826448166
C71,87.6405553841934
C71,87.4688689052997
C71,87.7358254107821
C71,83.3617311956999
C71,84.2862061039485
C71,82.8954111335559
C71,87.9984274966721
C71,80.3118924145064
C71,87.0880108193474
C71,82.4888240063771
C71,87.0513444535927
C71,82.6427450321427
C71,82.8233772299573
C71,81.4822363913566
C71,83.3904531378654
C71,90.1674190237627
C71,78.0838937634901
C71,82.01651460416
C71,81.3513568380992
C71,78.553393831391
C71,72.6404776780297
C71,79.3527571897117
C71,79.9969821843465
C71,80.4426221543388
C71,81.0357288699338
C71,80.2888854636661
C71,76.7287189102143
C71,78.1403623060637
C71,80.365832691227
C72,81.960213891169
C72,87.4688689052997
C72,82.9319711520318
C72,85.3396684054732
C72,89.1777261938486
C72,88.3058040691531
C72,86.6165814789389
C72,87.0513444535927
C72,80.2433822085702
C72,82.01651460416
C72,80.2554189580388
C72,76.2314716322598
C72,85.2282739966048
C72,81.4798441474499
C72,78.6417465596178
C72,76.7287189102143
C73,81.960213891169
C73,86.1885428303125
C73,81.0597366490984
C73,89.4833896839687
C73,85.6046664790749
C73,78.2996311617805
C73,85.8622848597476
C73,84.4050880316816
C73,82.9319711520318
C73,86.4964844759974
C73,72.6531665129439
C73,83.0851356270607
C73,82.4888240063771
C73,87.0513444535927
C73,82.6427450321427
C73,80.2433822085702
C73,79.572907549745
C73,88.1922186922569
C73,82.429068021864
C73,83.1738962010058
C73,86.1283647808404
C73,75.9792764104885
C73,79.4068296716237
C73,80.2554189580388
C73,73.9906863780358
C73,74.0391692107958
C73,77.4527875463559
C73,80.2888854636661
C73,76.7287189102143
C73,78.1403623060637
C74,81.960213891169
C74,88.3226305594344
C74,78.3927373029713
C74,79.2566572972919
C74,87.4688689052997
C74,87.7358254107821
C74,84.731246715455
C74,89.7188213954954
C74,83.7039885049865
C74,77.490972688716
C74,80.3118924145064
C74,80.6703086532808
C74,82.1569004228286
C74,75.3845029720046
C74,83.0851356270607
C74,80.8090822733417
C74,85.6183019535693
C74,81.8600780688811
C74,80.2228506640788
C74,80.2433822085702
C74,78.9660171582258
C74,85.5363353444301
C74,82.9086684899011
C74,82.01651460416
C74,81.3513568380992
C74,76.7541477247513
C74,84.6253780707534
C74,81.4021721840243
C74,82.9752272303367
C74,80.4426221543388
C74,88.0847530629619
C74,82.001191132252
C74,75.1676112182377
C74,77.4527875463559
C74,79.2433369054436
C74,80.4247353310273
C74,86.7928814779748
C74,70.860592149853
C75,87.6405553841934
C75,87.4688689052997
C75,82.9319711520318
C75,86.4642629215025
C75,84.1665713772365
C75,87.4897965496147
C75,85.708606286561
C75,75.3845029720046
C75,83.0851356270607
C75,82.8233772299573
C75,78.0838937634901
C75,82.01651460416
C75,80.2554189580388
C75,81.6053108633314
C75,86.5366847979462
C75,82.4178216379182
C75,79.463025892944
C75,75.1676112182377
C75,77.4527875463559
C75,80.365832691227
C76,86.5062265999441
C76,88.3226305594344
C76,88.9215826448166
C76,87.6405553841934
C76,85.6046664790749
C76,87.2218467910497
C76,84.731246715455
C76,89.7188213954954
C76,83.7039885049865
C76,77.490972688716
C76,80.3118924145064
C76,80.6703086532808
C76,74.6266601417458
C76,89.6963143230549
C76,83.0851356270607
C76,86.6165814789389
C76,80.2925699299489
C76,81.4822363913566
C76,78.9660171582258
C76,90.1674190237627
C76,78.0838937634901
C76,83.1738962010058
C76,87.7488862168313
C76,76.7541477247513
C76,84.6253780707534
C76,81.4021721840243
C76,82.9752272303367
C76,80.4426221543388
C76,88.0847530629619
C76,73.6495829609819
C76,83.8682452389534
C76,77.4527875463559
C76,78.6417465596178
C76,80.9638661156317
C77,86.5062265999441
C77,86.1885428303125
C77,81.9033049539198
C77,85.8622848597476
C77,84.4050880316816
C77,82.9319711520318
C77,86.4964844759974
C77,84.1665713772365
C77,87.4897965496147
C77,82.1569004228286
C77,85.6183019535693
C77,85.4578379100988
C77,92.6208101917913
C77,85.1938067647653
C77,81.4822363913566
C77,79.572907549745
C77,81.9198592725913
C77,75.9792764104885
C77,79.4068296716237
C77,80.2554189580388
C77,73.9906863780358
C77,86.5366847979462
C77,82.4178216379182
C77,82.001191132252
C77,80.4247353310273
C77,81.7861474331464
C77,86.8460468448151
C77,89.017043589624
C78,81.960213891169
C78,89.5911145905801
C78,81.9033049539198
C78,88.755264576038
C78,84.2862061039485
C78,76.6672294373689
C78,86.4964844759974
C78,84.1665713772365
C78,80.6703086532808
C78,85.4561436288283
C78,89.1777261938486
C78,88.3058040691531
C78,82.4888240063771
C78,87.0513444535927
C78,80.2433822085702
C78,85.8521284356038
C78,81.9198592725913
C78,85.3737434511355
C78,72.6404776780297
C78,82.1787487356303
C78,73.9906863780358
C78,86.5366847979462
C78,88.0847530629619
C78,79.2402900119815
C78,85.2282739966048
C78,81.4798441474499
C78,80.2888854636661
C78,76.7287189102143
C79,86.5062265999441
C79,86.3636898034289
C79,81.0597366490984
C79,89.4833896839687
C79,85.6046664790749
C79,78.2996311617805
C79,85.8622848597476
C79,89.7188213954954
C79,83.7039885049865
C79,85.708606286561
C79,75.3845029720046
C79,82.0968224097212
C79,86.6165814789389
C79,87.0513444535927
C79,82.6427450321427
C79,81.4822363913566
C79,83.3904531378654
C79,88.1922186922569
C79,82.429068021864
C79,83.1738962010058
C79,86.1283647808404
C79,75.9792764104885
C79,84.6253780707534
C79,81.4021721840243
C79,79.463025892944
C79,75.1676112182377
C79,87.368166506687
C79,78.6417465596178
C79,76.7287189102143
C79,78.1403623060637
C80,86.5062265999441
C80,86.3636898034289
C80,78.3927373029713
C80,87.6405553841934
C80,85.6046664790749
C80,87.2218467910497
C80,85.3396684054732
C80,84.1665713772365
C80,80.6703086532808
C80,82.1569004228286
C80,92.1007799463297
C80,82.0968224097212
C80,88.8554415805304
C80,85.6183019535693
C80,81.0971108134568
C80,81.4822363913566
C80,83.3904531378654
C80,85.5363353444301
C80,78.0838937634901
C80,83.1738962010058
C80,87.7488862168313
C80,76.2314716322598
C80,86.5366847979462
C80,88.0847530629619
C80,82.001191132252
C80,84.5282602210114
C80,87.368166506687
C80,87.0123626702123
C80,80.4247353310273
C80,86.8302989824602
C81,86.5062265999441
C81,86.3636898034289
C81,82.7054525259156
C81,79.2566572972919
C81,87.4688689052997
C81,87.7358254107821
C81,83.3617311956999
C81,87.9773473214402
C81,84.8728264649479
C81,85.708606286561
C81,75.3845029720046
C81,87.0880108193474
C81,85.4561436288283
C81,85.6183019535693
C81,85.4578379100988
C81,92.6208101917913
C81,81.4822363913566
C81,83.3904531378654
C81,86.9008033870877
C81,82.9086684899011
C81,82.01651460416
C81,81.3513568380992
C81,78.553393831391
C81,83.264599498586
C81,83.2275053605563
C81,79.463025892944
C81,75.1676112182377
C81,81.0357288699338
C81,79.2402900119815
C81,80.4247353310273
C81,81.7861474331464
C81,86.8460468448151
C82,86.5062265999441
C82,88.3226305594344
C82,78.3927373029713
C82,79.2566572972919
C82,89.5911145905801
C82,87.7358254107821
C82,86.4642629215025
C82,76.2430937386352
C82,83.7039885049865
C82,87.9984274966721
C82,80.3118924145064
C82,80.6703086532808
C82,82.1569004228286
C82,89.1777261938486
C82,88.3058040691531
C82,92.6208101917913
C82,81.4822363913566
C82,78.9660171582258
C82,85.5363353444301
C82,82.9086684899011
C82,85.8521284356038
C82,81.3513568380992
C82,81.6053108633314
C82,74.7817182819081
C82,81.4021721840243
C82,79.9969821843465
C82,80.4426221543388
C82,88.0847530629619
C82,82.001191132252
C82,85.2282739966048
C82,81.4798441474499
C82,86.8460468448151
C83,87.2108599871166
C83,89.2797369573479
C83,87.7358254107821
C83,86.4642629215025
C83,87.9773473214402
C83,77.0268257361381
C83,85.708606286561
C83,89.6963143230549
C83,83.0851356270607
C83,80.8090822733417
C83,82.8349291482616
C83,82.7811943516806
C83,82.4888240063771
C83,79.1052820005471
C83,85.9382804660224
C83,81.3513568380992
C83,81.6053108633314
C83,83.264599498586
C83,80.9312692192363
C83,79.463025892944
C83,83.8682452389534
C83,77.4527875463559
C83,79.2433369054436
C83,83.8331806998496
C83,78.5617205274186
C83,80.2888854636661
C84,86.5062265999441
C84,86.1885428303125
C84,81.0597366490984
C84,87.6405553841934
C84,89.7188213954954
C84,82.8954111335559
C84,87.9984274966721
C84,92.1878147137572
C84,76.3587741222765
C84,79.4343659058238
C84,92.1007799463297
C84,88.3058040691531
C84,86.6165814789389
C84,85.1938067647653
C84,81.4822363913566
C84,79.572907549745
C84,88.1922186922569
C84,78.0838937634901
C84,84.6253780707534
C84,79.3527571897117
C84,79.9969821843465
C84,81.9064693658738
C84,77.9013048759148
C84,73.7737658700612
C84,84.5282602210114
C84,81.4798441474499
C84,78.6417465596178
C84,89.017043589624
C85,86.5062265999441
C85,86.1885428303125
C85,88.9215826448166
C85,85.8622848597476
C85,84.4050880316816
C85,76.6672294373689
C85,86.4964844759974
C85,87.9773473214402
C85,86.034937416968
C85,80.8090822733417
C85,80.3814254826805
C85,81.4822363913566
C85,79.572907549745
C85,90.1674190237627
C85,75.9792764104885
C85,79.4068296716237
C85,82.1787487356303
C85,73.9906863780358
C85,83.264599498586
C85,80.9430032626555
C85,79.2433369054436
C85,82.7408263748894
C86,86.5062265999441
C86,86.3636898034289
C86,82.7054525259156
C86,87.2108599871166
C86,89.2797369573479
C86,81.9033049539198
C86,84.731246715455
C86,89.7188213954954
C86,82.8954111335559
C86,85.8267409875046
C86,80.3905234440522
C86,82.0968224097212
C86,92.6208101917913
C86,85.1938067647653
C86,81.4822363913566
C86,83.3904531378654
C86,86.9008033870877
C86,79.1052820005471
C86,85.9382804660224
C86,81.9198592725913
C86,76.7541477247513
C86,84.6253780707534
C86,79.3527571897117
C86,79.3469343641193
C86,83.1790906141032
C86,87.368166506687
C86,86.8460468448151
C86,89.017043589624
C87,81.960213891169
C87,88.3226305594344
C87,78.3927373029713
C87,79.2566572972919
C87,82.6357538875382
C87,87.0009626277396
C87,84.731246715455
C87,89.7188213954954
C87,83.7039885049865
C87,77.490972688716
C87,80.3118924145064
C87,76.3587741222765
C87,74.6266601417458
C87,89.6963143230549
C87,83.0851356270607
C87,80.8090822733417
C87,82.8349291482616
C87,82.7811943516806
C87,82.4888240063771
C87,87.0513444535927
C87,81.0971108134568
C87,80.2433822085702
C87,78.9660171582258
C87,85.5363353444301
C87,82.9086684899011
C87,82.5975093110055
C87,84.7809140374134
C87,76.7541477247513
C87,84.6253780707534
C87,81.4021721840243
C87,82.9752272303367
C87,80.4426221543388
C87,77.9013048759148
C87,73.6495829609819
C87,83.8682452389534
C87,77.4527875463559
C87,79.2433369054436
C87,83.8331806998496
C87,78.5617205274186
C87,80.2888854636661
C87,76.7287189102143
C87,86.8302989824602
C88,84.0447067059033
C88,86.1885428303125
C88,88.9215826448166
C88,76.1239276444137
C88,87.4688689052997
C88,87.7358254107821
C88,84.731246715455
C88,89.7188213954954
C88,82.8954111335559
C88,77.490972688716
C88,89.6963143230549
C88,83.0851356270607
C88,80.8090822733417
C88,82.8349291482616
C88,82.7811943516806
C88,82.8233772299573
C88,79.1111566750213
C88,79.572907549745
C88,90.1674190237627
C88,81.1424115959953
C88,82.01651460416
C88,81.3513568380992
C88,76.7541477247513
C88,84.6253780707534
C88,79.3527571897117
C88,82.9752272303367
C88,83.8682452389534
C88,77.4527875463559
C88,79.2433369054436
C88,83.8331806998496
C88,78.5617205274186
C88,80.365832691227
C89,86.5062265999441
C89,86.1885428303125
C89,81.0597366490984
C89,89.4833896839687
C89,82.6357538875382
C89,87.0009626277396
C89,88.755264576038
C89,86.6462624156443
C89,76.6672294373689
C89,86.4964844759974
C89,87.9773473214402
C89,84.8728264649479
C89,85.8267409875046
C89,80.3905234440522
C89,86.034937416968
C89,79.4343659058238
C89,92.1007799463297
C89,82.0968224097212
C89,88.8554415805304
C89,80.3814254826805
C89,82.6427450321427
C89,82.8233772299573
C89,81.4822363913566
C89,79.572907549745
C89,88.1922186922569
C89,82.429068021864
C89,82.5975093110055
C89,84.7809140374134
C89,85.3737434511355
C89,80.3055155287506
C89,82.1787487356303
C89,73.9906863780358
C89,83.264599498586
C89,83.2275053605563
C89,79.3469343641193
C89,83.1790906141032
C89,80.9430032626555
C89,73.7737658700612
C89,84.5282602210114
C89,87.368166506687
C89,87.0123626702123
C89,82.7408263748894
C89,78.1403623060637
C89,80.365832691227
C90,81.960213891169
C90,88.3226305594344
C90,81.0597366490984
C90,76.1239276444137
C90,86.6462624156443
C90,87.2218467910497
C90,87.9984274966721
C90,92.1878147137572
C90,83.0851356270607
C90,88.8554415805304
C90,80.3814254826805
C90,85.4578379100988
C90,80.2433822085702
C90,78.9660171582258
C90,88.1922186922569
C90,81.1424115959953
C90,80.3055155287506
C90,87.7488862168313
C90,79.9969821843465
C90,81.9064693658738
C90,77.4527875463559
C90,87.0123626702123
C90,82.7408263748894
C90,81.7861474331464
C91,86.5062265999441
C91,86.3636898034289
C91,78.3927373029713
C91,87.6405553841934
C91,84.2862061039485
C91,84.8728264649479
C91,74.6266601417458
C91,92.1007799463297
C91,82.7811943516806
C91,80.2228506640788
C91,80.2925699299489
C91,81.4822363913566
C91,83.3904531378654
C91,85.5363353444301
C91,78.0838937634901
C91,72.6404776780297
C91,83.2275053605563
C91,73.6495829609819
C91,84.5282602210114
C91,78.5617205274186
C91,70.860592149853
C91,80.9638661156317
C92,86.5062265999441
C92,89.2797369573479
C92,88.9215826448166
C92,76.1239276444137
C92,87.4688689052997
C92,87.7358254107821
C92,83.3617311956999
C92,84.2862061039485
C92,76.6672294373689
C92,85.3396684054732
C92,80.3118924145064
C92,87.0880108193474
C92,85.4561436288283
C92,82.8349291482616
C92,81.8600780688811
C92,81.4822363913566
C92,85.9382804660224
C92,90.1674190237627
C92,81.1424115959953
C92,82.01651460416
C92,81.3513568380992
C92,78.553393831391
C92,72.6404776780297
C92,82.1787487356303
C92,76.2314716322598
C92,80.4426221543388
C92,81.0357288699338
C92,79.2402900119815
C92,83.8331806998496
C92,86.7928814779748
C93,88.755264576038
C93,87.9773473214402
C93,87.4897965496147
C93,82.1569004228286
C93,89.1777261938486
C93,88.3058040691531
C93,86.6165814789389
C93,85.1938067647653
C93,85.3737434511355
C93,83.264599498586
C93,82.4178216379182
C93,82.001191132252
C93,85.2282739966048
C93,81.4798441474499
C93,78.6417465596178
C93,89.017043589624
C94,86.5062265999441
C94,86.3636898034289
C94,81.0597366490984
C94,89.4833896839687
C94,82.6357538875382
C94,87.0009626277396
C94,85.8622848597476
C94,84.4050880316816
C94,82.9319711520318
C94,86.4642629215025
C94,76.2430937386352
C94,77.0268257361381
C94,87.9984274966721
C94,80.3905234440522
C94,86.034937416968
C94,79.4343659058238
C94,92.1007799463297
C94,88.3058040691531
C94,82.4888240063771
C94,87.0513444535927
C94,81.4822363913566
C94,83.3904531378654
C94,88.1922186922569
C94,82.429068021864
C94,82.5975093110055
C94,84.7809140374134
C94,75.9792764104885
C94,79.4068296716237
C94,80.2554189580388
C94,81.6053108633314
C94,74.7817182819081
C94,80.9312692192363
C94,79.9969821843465
C94,83.1790906141032
C94,80.9430032626555
C94,73.7737658700612
C94,84.5282602210114
C94,81.4798441474499
C94,80.2888854636661
C94,76.7287189102143
C95,86.5062265999441
C95,86.3636898034289
C95,81.0597366490984
C95,87.6405553841934
C95,87.9773473214402
C95,86.034937416968
C95,79.4343659058238
C95,92.1007799463297
C95,88.3058040691531
C95,82.4888240063771
C95,87.0513444535927
C95,82.6427450321427
C95,82.8233772299573
C95,81.4822363913566
C95,83.3904531378654
C95,88.1922186922569
C95,78.0838937634901
C95,83.264599498586
C95,80.9430032626555
C95,73.7737658700612
C95,84.5282602210114
C95,81.4798441474499
C95,80.2888854636661
C95,76.7287189102143
C95,78.1403623060637
C95,80.365832691227
C96,84.0447067059033
C96,89.2797369573479
C96,88.9215826448166
C96,87.6405553841934
C96,84.4050880316816
C96,76.3587741222765
C96,80.8090822733417
C96,82.8349291482616
C96,85.4578379100988
C96,92.6208101917913
C96,85.1938067647653
C96,79.1111566750213
C96,85.9382804660224
C96,90.1674190237627
C96,78.0838937634901
C96,79.4068296716237
C96,77.9013048759148
C96,79.2433369054436
C96,83.8331806998496
C96,81.7861474331464
C96,86.8460468448151
C96,89.017043589624
C97,84.0447067059033
C97,89.2797369573479
C97,81.9033049539198
C97,88.755264576038
C97,86.6462624156443
C97,87.2218467910497
C97,86.4642629215025
C97,84.1665713772365
C97,87.4897965496147
C97,82.1569004228286
C97,89.6963143230549
C97,82.0968224097212
C97,88.8554415805304
C97,80.2925699299489
C97,79.1111566750213
C97,85.9382804660224
C97,81.9198592725913
C97,85.3737434511355
C97,80.3055155287506
C97,87.7488862168313
C97,81.6053108633314
C97,86.5366847979462
C97,82.4178216379182
C97,82.001191132252
C97,83.8682452389534
C97,87.368166506687
C97,87.0123626702123
C97,80.9638661156317
C98,86.5062265999441
C98,86.3636898034289
C98,82.7054525259156
C98,87.6405553841934
C98,85.6046664790749
C98,87.7358254107821
C98,84.731246715455
C98,89.7188213954954
C98,77.0268257361381
C98,85.8267409875046
C98,89.6963143230549
C98,83.0851356270607
C98,80.8090822733417
C98,82.8349291482616
C98,81.8600780688811
C98,80.2228506640788
C98,80.2925699299489
C98,81.4822363913566
C98,83.3904531378654
C98,86.9008033870877
C98,78.0838937634901
C98,83.1738962010058
C98,81.3513568380992
C98,76.7541477247513
C98,84.6253780707534
C98,80.9312692192363
C98,79.3469343641193
C98,83.8682452389534
C98,77.4527875463559
C98,79.2433369054436
C98,83.8331806998496
C98,86.7928814779748
C98,70.860592149853
C98,80.9638661156317
C99,87.2108599871166
C99,89.5911145905801
C99,81.9033049539198
C99,76.1239276444137
C99,86.6462624156443
C99,87.2218467910497
C99,77.490972688716
C99,72.6531665129439
C99,80.6703086532808
C99,82.1569004228286
C99,75.3845029720046
C99,83.0851356270607
C99,88.8554415805304
C99,80.2925699299489
C99,81.0971108134568
C99,79.1052820005471
C99,85.8521284356038
C99,81.9198592725913
C99,81.1424115959953
C99,80.3055155287506
C99,87.7488862168313
C99,82.9752272303367
C99,74.0391692107958
C99,88.0847530629619
C99,82.001191132252
C99,75.1676112182377
C99,77.4527875463559
C99,87.0123626702123
C99,80.9638661156317
C99,86.8302989824602
C100,81.960213891169
C100,86.1885428303125
C100,88.9215826448166
C100,87.6405553841934
C100,85.6046664790749
C100,78.2996311617805
C100,85.8622848597476
C100,84.4050880316816
C100,76.6672294373689
C100,86.4964844759974
C100,87.9773473214402
C100,77.0268257361381
C100,85.8267409875046
C100,89.6963143230549
C100,83.0851356270607
C100,80.8090822733417
C100,85.6183019535693
C100,81.0971108134568
C100,80.2433822085702
C100,79.572907549745
C100,90.1674190237627
C100,78.0838937634901
C100,83.1738962010058
C100,86.1283647808404
C100,75.9792764104885
C100,79.4068296716237
C100,82.1787487356303
C100,73.9906863780358
C100,83.264599498586
C100,80.9312692192363
C100,79.3469343641193
C100,83.8682452389534
C100,77.4527875463559
C100,79.2433369054436
C100,80.4247353310273
C100,86.8302989824602
